<?xml version="1.0" encoding="UTF-8"?>
<project-private xmlns="http://www.netbeans.org/ns/project-private/1">
    <editor-bookmarks xmlns="http://www.netbeans.org/ns/editor-bookmarks/2" lastBookmarkId="0"/>
    <open-files xmlns="http://www.netbeans.org/ns/projectui-open-files/2">
        <group>
            <file>file:/C:/Users/Manisha%20Bagora/Desktop/Information%20System/New%20folder/FinalProject/src/ui/LoginScreen.java</file>
            <file>file:/C:/Users/Manisha%20Bagora/Desktop/Information%20System/New%20folder/FinalProject/src/business/WorkQueue/PharmacyTestWorkRequest1.java</file>
            <file>file:/C:/Users/Manisha%20Bagora/Desktop/Information%20System/New%20folder/FinalProject/src/ui/PharmacyRole/PharmacyWorkAreaJPanel.java</file>
            <file>file:/C:/Users/Manisha%20Bagora/Desktop/Information%20System/New%20folder/FinalProject/src/business/Organization/OrganizationDirectory.java</file>
            <file>file:/C:/Users/Manisha%20Bagora/Desktop/Information%20System/New%20folder/FinalProject/src/ui/AdministrativeRole/ManageEnterprizeUserAccountJPanel1.java</file>
            <file>file:/C:/Users/Manisha%20Bagora/Desktop/Information%20System/New%20folder/FinalProject/src/business/Role/ReceptionistRole.java</file>
            <file>file:/C:/Users/Manisha%20Bagora/Desktop/Information%20System/New%20folder/FinalProject/src/ui/Receptionist/CreateNewPatientJPanel.java</file>
            <file>file:/C:/Users/Manisha%20Bagora/Desktop/Information%20System/New%20folder/FinalProject/src/business/Enterprize/AdminEEnterprize.java</file>
            <file>file:/C:/Users/Manisha%20Bagora/Desktop/Information%20System/New%20folder/FinalProject/src/ui/AdministrativeRole/ManageUserAccountJPanel.java</file>
            <file>file:/C:/Users/Manisha%20Bagora/Desktop/Information%20System/New%20folder/FinalProject/src/business/Role/DoctorRole.java</file>
            <file>file:/C:/Users/Manisha%20Bagora/Desktop/Information%20System/New%20folder/FinalProject/src/business/Role/AdminRole11.java</file>
            <file>file:/C:/Users/Manisha%20Bagora/Desktop/Information%20System/New%20folder/FinalProject/src/business/Role/Role.java</file>
            <file>file:/C:/Users/Manisha%20Bagora/Desktop/Information%20System/New%20folder/FinalProject/src/ui/BostonWorkAreaJPanel.java</file>
            <file>file:/C:/Users/Manisha%20Bagora/Desktop/Information%20System/New%20folder/FinalProject/src/business/Enterprize/AdminEnterprize.java</file>
            <file>file:/C:/Users/Manisha%20Bagora/Desktop/Information%20System/New%20folder/FinalProject/src/business/Role/CARole1.java</file>
            <file>file:/C:/Users/Manisha%20Bagora/Desktop/Information%20System/New%20folder/FinalProject/src/business/Role/AdminERole.java</file>
            <file>file:/C:/Users/Manisha%20Bagora/Desktop/Information%20System/New%20folder/FinalProject/src/business/Organization/ReceptionistOrganization.java</file>
            <file>file:/C:/Users/Manisha%20Bagora/Desktop/Information%20System/New%20folder/FinalProject/src/ui/MainScreen.java</file>
            <file>file:/C:/Users/Manisha%20Bagora/Desktop/Information%20System/New%20folder/FinalProject/src/ui/AdministrativeRole/ManageEmployeeJPanel.java</file>
            <file>file:/C:/Users/Manisha%20Bagora/Desktop/Information%20System/New%20folder/FinalProject/src/business/Role/PharmacyRole.java</file>
            <file>file:/C:/Users/Manisha%20Bagora/Desktop/Information%20System/New%20folder/FinalProject/src/business/WorkQueue/WorkRequest.java</file>
            <file>file:/C:/Users/Manisha%20Bagora/Desktop/Information%20System/New%20folder/FinalProject/src/ui/DoctorRole/RequestLabTestJPanel.java</file>
            <file>file:/C:/Users/Manisha%20Bagora/Desktop/Information%20System/New%20folder/FinalProject/src/business/Organization/AdminOrganization.java</file>
            <file>file:/C:/Users/Manisha%20Bagora/Desktop/Information%20System/New%20folder/FinalProject/src/business/Organization/MROrganization.java</file>
            <file>file:/C:/Users/Manisha%20Bagora/Desktop/Information%20System/New%20folder/FinalProject/src/ui/MRRole/ProcessWorkRequestJPanel1.java</file>
            <file>file:/C:/Users/Manisha%20Bagora/Desktop/Information%20System/New%20folder/FinalProject/src/business/Business.java</file>
            <file>file:/C:/Users/Manisha%20Bagora/Desktop/Information%20System/New%20folder/FinalProject/src/business/WorkQueue/LabTestWorkRequest.java</file>
            <file>file:/C:/Users/Manisha%20Bagora/Desktop/Information%20System/New%20folder/FinalProject/src/ui/MRRole/MRWorkAreaJPanel.java</file>
            <file>file:/C:/Users/Manisha%20Bagora/Desktop/Information%20System/New%20folder/FinalProject/src/business/Role/LabAssistantRole.java</file>
            <file>file:/C:/Users/Manisha%20Bagora/Desktop/Information%20System/New%20folder/FinalProject/src/business/Employee/Employee.java</file>
            <file>file:/C:/Users/Manisha%20Bagora/Desktop/Information%20System/New%20folder/FinalProject/src/ui/LabAssistantRole/ProcessWorkRequestJPanel.java</file>
            <file>file:/C:/Users/Manisha%20Bagora/Desktop/Information%20System/New%20folder/FinalProject/src/ui/Receptionist/ReceptionistJPanel.java</file>
            <file>file:/C:/Users/Manisha%20Bagora/Desktop/Information%20System/New%20folder/FinalProject/src/ui/AdministrativeRole/ManageEmployeeJPanel2.java</file>
            <file>file:/C:/Users/Manisha%20Bagora/Desktop/Information%20System/New%20folder/FinalProject/src/business/Enterprize/NewyorkEnterprize.java</file>
            <file>file:/C:/Users/Manisha%20Bagora/Desktop/Information%20System/New%20folder/FinalProject/src/ui/LabAssistantRole/LabAssistantWorkAreaJPanel.java</file>
            <file>file:/C:/Users/Manisha%20Bagora/Desktop/Information%20System/New%20folder/FinalProject/src/ui/RequestLabTestJPanel1.java</file>
            <file>file:/C:/Users/Manisha%20Bagora/Desktop/Information%20System/New%20folder/FinalProject/src/business/Enterprize/BostonEnterprize.java</file>
            <file>file:/C:/Users/Manisha%20Bagora/Desktop/Information%20System/New%20folder/FinalProject/src/business/Enterprize/EnterprizeDirectory.java</file>
            <file>file:/C:/Users/Manisha%20Bagora/Desktop/Information%20System/New%20folder/FinalProject/src/business/Role/AdminRole.java</file>
            <file>file:/C:/Users/Manisha%20Bagora/Desktop/Information%20System/New%20folder/FinalProject/src/business/Role/MRRole.java</file>
            <file>file:/C:/Users/Manisha%20Bagora/Desktop/Information%20System/New%20folder/FinalProject/src/business/WorkQueue/LabTestWorkRequest12.java</file>
            <file>file:/C:/Users/Manisha%20Bagora/Desktop/Information%20System/New%20folder/FinalProject/src/business/Enterprize/Enterprize.java</file>
            <file>file:/C:/Users/Manisha%20Bagora/Desktop/Information%20System/New%20folder/FinalProject/src/ui/AdministrativeRole/ManageEnterprizeJPanel1.java</file>
            <file>file:/C:/Users/Manisha%20Bagora/Desktop/Information%20System/New%20folder/FinalProject/src/ui/DoctorRole/DoctorWorkAreaJPanel.java</file>
            <file>file:/C:/Users/Manisha%20Bagora/Desktop/Information%20System/New%20folder/FinalProject/src/business/Organization/Organization.java</file>
            <file>file:/C:/Users/Manisha%20Bagora/Desktop/Information%20System/New%20folder/FinalProject/src/ui/CARole/RequestLabTestJPanel1.java</file>
            <file>file:/C:/Users/Manisha%20Bagora/Desktop/Information%20System/New%20folder/FinalProject/src/ui/enterprize1/EnterprizeResultWorkAreaJPanel.java</file>
            <file>file:/C:/Users/Manisha%20Bagora/Desktop/Information%20System/New%20folder/FinalProject/src/ui/Receptionist/PatientCatalog.java</file>
            <file>file:/C:/Users/Manisha%20Bagora/Desktop/Information%20System/New%20folder/FinalProject/src/business/WorkQueue/LabTestWorkRequest1.java</file>
            <file>file:/C:/Users/Manisha%20Bagora/Desktop/Information%20System/New%20folder/FinalProject/src/ui/Receptionist/xyz.java</file>
            <file>file:/C:/Users/Manisha%20Bagora/Desktop/Information%20System/New%20folder/FinalProject/src/business/ConfigureABusiness.java</file>
            <file>file:/C:/Users/Manisha%20Bagora/Desktop/Information%20System/New%20folder/FinalProject/src/business/Organization/LabOrganization.java</file>
            <file>file:/C:/Users/Manisha%20Bagora/Desktop/Information%20System/New%20folder/FinalProject/src/business/WorkQueue/WorkQueue.java</file>
            <file>file:/C:/Users/Manisha%20Bagora/Desktop/Information%20System/New%20folder/FinalProject/src/ui/PharmacyRole/RequestPharmacyTestJPanel.java</file>
            <file>file:/C:/Users/Manisha%20Bagora/Desktop/Information%20System/New%20folder/FinalProject/src/ui/enterprize1/ProcessWorkRequestJPanel3.java</file>
            <file>file:/C:/Users/Manisha%20Bagora/Desktop/Information%20System/New%20folder/FinalProject/src/ui/AdministrativeRole/ManageOrganizationJPanel.java</file>
            <file>file:/C:/Users/Manisha%20Bagora/Desktop/Information%20System/New%20folder/FinalProject/src/business/UserAccount/UserAccountDirectory.java</file>
            <file>file:/C:/Users/Manisha%20Bagora/Desktop/Information%20System/New%20folder/FinalProject/src/ui/AdministrativeRole/AdminWorkAreaJPanel.java</file>
            <file>file:/C:/Users/Manisha%20Bagora/Desktop/Information%20System/New%20folder/FinalProject/src/business/Organization/PharmacyOrganization.java</file>
            <file>file:/C:/Users/Manisha%20Bagora/Desktop/Information%20System/New%20folder/FinalProject/src/ui/CARole/CAWorkAreaJPanel.java</file>
            <file>file:/C:/Users/Manisha%20Bagora/Desktop/Information%20System/New%20folder/FinalProject/src/business/Role/BostonRole1.java</file>
            <file>file:/C:/Users/Manisha%20Bagora/Desktop/Information%20System/New%20folder/FinalProject/src/business/Organization/DoctorOrganization.java</file>
            <file>file:/C:/Users/Manisha%20Bagora/Desktop/Information%20System/New%20folder/FinalProject/src/ui/Receptionist/xyzDirectory.java</file>
            <file>file:/C:/Users/Manisha%20Bagora/Desktop/Information%20System/New%20folder/FinalProject/src/ui/MainJFrame.java</file>
            <file>file:/C:/Users/Manisha%20Bagora/Desktop/Information%20System/New%20folder/FinalProject/src/business/UserAccount/UserAccount.java</file>
            <file>file:/C:/Users/Manisha%20Bagora/Desktop/Information%20System/New%20folder/FinalProject/src/business/Employee/EmployeeDirectory.java</file>
            <file>file:/C:/Users/Manisha%20Bagora/Desktop/Information%20System/New%20folder/FinalProject/src/ui/Receptionist/Patient.java</file>
            <file>file:/C:/Users/Manisha%20Bagora/Desktop/Information%20System/New%20folder/FinalProject/src/business/Enterprize/CAEnterprize.java</file>
            <file>file:/C:/Users/Manisha%20Bagora/Desktop/Information%20System/New%20folder/FinalProject/src/business/Role/NewyorkRole11.java</file>
        </group>
    </open-files>
</project-private>
